download,upload,ping,time
91862167.05785549,75545733.2931292,20.389,17:34:29
91862167.05785549,75545733.2931292,19.389,18:34:29
91862167.05785549,75545733.2931292,15.389,19:34:29
91862167.05785549,75545733.2931292,10.389,20:34:29
91862167.05785549,75545733.2931292,5.389,21:34:29
91862167.05785549,75545733.2931292,1.389,22:34:29
