download,upload,ping,time
88023560.05257533,69257837.22558498,6.533,15:21:58,speedtest-ga1.meo.pt:8080
90451225.0810744,67286176.58493766,6.13,15:22:19,speedtest-ga1.meo.pt:8080
