download,upload,ping,time
91862167.05785549,75545733.2931292,20.389,17:34:29
